pid,score
23128358,74.297424
22364525,69.39405
21918164,66.59772
21705350,64.427956
22017416,64.32706
19775458,63.092228
19390255,62.611336
22328635,61.69133
23039961,61.307747
19235055,59.38183
20400026,58.70749
22874740,58.45134
19300245,57.29426
21412912,56.021828
20374650,55.533577
19860752,55.390724
22204772,55.028885
22713683,53.73208
21549397,53.229275
17109736,53.19806
20229682,53.136944
22776724,51.842686
22719014,51.602886
19995349,51.48796
23321555,51.405148
20708846,51.178074
22766227,51.03102
21955460,50.883915
22743377,49.941696
22071999,49.853413
22164456,49.828754
21765358,48.848866
21441889,48.713814
19135193,47.89021
23258612,47.717384
18922419,46.760757
22547997,46.49415
22226090,46.45788
23351534,45.97124
22029598,45.454273
22519961,44.789597
21745216,44.57876
23385320,44.543964
18579398,44.502502
21318436,44.19078
21138569,43.930195
21560094,43.730366
22078266,43.62349
9137263,43.431046
23301969,43.359352
23176206,42.966743
19266421,42.64057
20626354,42.476784
20624109,42.3217
21323795,42.15149
23076727,41.831295
22520693,41.466164
19143701,41.359306
20739843,41.34297
21509749,40.983765
9603087,40.792572
15784122,40.594677
18440953,40.514412
21942848,40.43644
23301972,40.410477
20622618,40.154457
19590321,40.107018
20104173,39.874565
20978993,39.69641
19816662,39.21424
23354228,38.953598
20209597,38.94077
23159521,38.817646
15870552,38.757587
19719819,38.746826
22926249,38.666023
23247121,38.333256
18673348,38.322876
21655681,38.2135
17102653,37.91116
16221315,37.8517
19265363,37.70517
22193152,37.648697
19760384,37.40097
19856870,37.25859
19882085,37.094673
8400095,36.876465
18823464,36.82468
22677700,36.817802
21835606,36.803726
22743373,36.48452
21901227,36.46462
22270921,36.439964
19747838,36.385914
19390256,36.007668
17059810,35.983074
20454754,35.947372
23354242,35.898643
20884636,35.63579
12454546,35.56288
22695409,35.3078
21535978,35.283363
20087172,35.23257
19422451,35.18816
23302040,35.172062
18388501,35.090107
22386721,34.966446
19372316,34.88075
19132237,34.760807
17651347,34.67324
21150521,34.63932
22510861,34.470848
20529981,34.389084
23112213,34.318314
17426904,34.278915
21375741,34.223774
23271077,33.762074
22868371,33.70301
8985070,33.475464
22519866,33.45072
22211833,33.355217
20466110,33.20089
21790635,32.46947
21691196,32.451115
19577246,32.112644
21610182,32.025063
15605298,31.891071
18001200,31.633934
17568492,31.586075
19135704,31.575336
21756263,31.300554
22314689,30.989136
19405329,30.985981
10399512,30.983305
16884984,30.815567
17061082,30.804705
22958005,30.676254
22863406,30.578228
16884987,30.576195
22160030,30.549805
7674412,30.467773
19002044,30.29296
19696040,30.258978
22467887,30.151928
20224372,30.114075
22498982,29.836819
16469128,29.785616
21545904,29.62541
20978996,29.566477
19524872,29.524988
22576961,29.498188
22113102,29.49247
22176523,29.46378
20142345,29.349894
22092122,29.16479
17632008,29.126963
20181490,29.029726
19667878,28.930786
18376164,28.888035
20017439,28.837654
22566265,28.835854
9172035,28.691158
20705332,28.264393
20642175,28.049995
18322882,27.961788
19320829,27.809216
18056152,27.734085
22086509,27.56932
7921860,27.470226
23362779,27.423359
18376174,27.412584
16799348,27.372257
21565974,27.368233
20431856,27.333508
19220741,27.254612
18400638,27.196949
21825945,27.160412
23052380,26.83816
20877262,26.671513
20978994,26.631256
20024495,26.625969
22343443,26.598003
18496260,26.58776
21729518,26.382393
3385834,26.348824
8589293,26.273098
21106098,26.26666
19477486,26.220737
18807895,26.130114
3103556,25.909344
19762300,25.862204
21890888,25.820202
19331653,25.807423
19581801,25.614542
16966998,25.500769
15608046,25.494484
22767647,25.42996
16269937,25.295948
21091865,25.28634
21320282,25.062838
23446185,25.013016
22379760,25.010704
19372315,25.002888
16551923,24.903954
21609551,24.865963
22990100,24.825869
17083509,24.566471
17692903,24.551373
18492116,24.468521
10843240,24.46157
18583193,24.42868
21352237,24.415573
9636913,24.408514
18437714,24.386173
22846941,24.36612
15370104,24.343208
12505922,24.294891
19249246,24.287134
21217486,24.26526
15605299,24.255344
21557684,24.246967
12407603,24.214676
16241949,24.20756
20978991,24.201832
23407150,24.147713
21183368,24.095736
9412876,24.03048
21872428,23.993504
17265055,23.980968
21453421,23.980898
9407676,23.846344
16921692,23.763994
17430330,23.611273
16953287,23.555063
18249328,23.534046
20030789,23.477097
603216,23.42937
20024491,23.428057
20693180,23.424149
22321860,23.38676
19912209,23.323597
1931061,23.308071
8400097,23.307894
22578369,23.299763
21535979,23.275993
22486761,23.203005
15752404,23.094515
18682908,23.054077
19187954,23.047197
22375889,23.035852
22273510,23.011332
19819728,22.991203
12812383,22.960314
18550478,22.915468
16229690,22.893373
20185519,22.816738
21483397,22.816187
17571601,22.760193
23153876,22.64214
23278445,22.552563
18922422,22.523874
20056447,22.478193
18042858,22.456871
19239406,22.439821
19583608,22.412506
9607115,22.307629
18497710,22.303802
15981443,22.242687
15933879,22.204151
22897591,22.193075
20550726,22.191408
18205897,22.110168
23041210,22.026955
19224777,22.01266
19958060,22.008493
19663218,21.897526
20485179,21.888172
23279140,21.872292
22633532,21.829649
22057685,21.77647
20345422,21.731735
10189856,21.731583
21655674,21.709682
1495183,21.70162
12492800,21.676853
19401660,21.655596
15922540,21.503023
20548824,21.479015
19509608,21.419472
19665684,21.402191
19224779,21.340517
19410018,21.217236
9358079,21.191666
22562643,21.186964
19674773,21.171465
22901719,21.165724
20832550,21.127365
14507564,21.111492
21703173,21.020794
22098495,20.862099
23053307,20.805248
19077136,20.778387
15155319,20.723072
20739876,20.701874
9539584,20.687157
3151765,20.682592
14872435,20.669167
22809250,20.637888
22822194,20.57368
19528806,20.562937
23231699,20.546234
22104068,20.490965
21505720,20.459448
22049808,20.36045
23301966,20.312544
20133450,20.272123
15013052,20.271702
12393106,20.255497
16873390,20.221123
15502066,20.203648
11583738,20.16802
19667905,20.167711
8997057,20.13749
17264960,20.090694
22182886,20.070915
21242833,20.063805
20150854,20.04327
18795093,20.010977
2282869,19.993328
17102650,19.92165
19302233,19.913769
19657320,19.899248
17331930,19.87239
21251146,19.869373
17096671,19.789694
23425732,19.72109
21957617,19.713877
10199038,19.69769
19150308,19.676693
17179819,19.436304
1389819,19.392262
21474661,19.38893
18675136,19.34599
22297558,19.335577
20080378,19.318699
20480163,19.311563
19695750,19.266006
12538178,19.180838
12818228,19.175108
20922353,19.163942
21924638,19.153727
8564676,19.125053
19698858,19.119759
15284525,19.091232
16428520,19.088173
11684986,19.063547
21369792,19.05235
22310191,19.049519
19021004,19.033312
12108924,19.009819
20348140,18.950665
9972747,18.939844
9328250,18.923555
9836037,18.850395
12850830,18.747171
8608071,18.73561
22561563,18.684887
19905844,18.667109
23249534,18.654215
20951650,18.638763
19357907,18.611387
19733387,18.514265
20035517,18.505442
23118068,18.502726
22483776,18.467785
21672316,18.41053
21899867,18.3923
15513380,18.367123
8217180,18.361944
17973850,18.352951
22639879,18.352821
20625277,18.31541
17380100,18.284645
15233811,18.266869
7517108,18.229977
19681851,18.180038
22098131,18.150734
9268178,18.140825
8085235,18.125546
20840338,18.12435
22735303,18.07195
8400798,18.033358
20076842,17.983917
22234563,17.983095
18581079,17.942629
20970652,17.92095
7892968,17.878805
21959490,17.848804
21467918,17.815823
18070065,17.806057
17413761,17.805542
12761010,17.78363
20529334,17.761116
8466003,17.758602
17982319,17.741814
20400895,17.741287
19572078,17.738316
19652893,17.732033
12032396,17.729702
7618707,17.660791
19467888,17.651669
22791802,17.628984
15283824,17.607914
10443606,17.571777
21391830,17.533985
11226080,17.486034
19929864,17.484035
18565966,17.420193
20807172,17.409807
20840513,17.397999
12632034,17.302763
21311320,17.273335
16420574,17.226429
19012951,17.205585
22666779,17.190844
20978990,17.153614
19224778,17.135746
9874863,17.08516
7880678,17.072746
20542542,17.05413
19152603,17.041496
12351295,17.014376
22437051,17.001846
16498193,16.999977
16480437,16.992655
20584738,16.983929
19648162,16.969847
21598443,16.955372
15761339,16.944538
16270265,16.93085
19646016,16.92983
21543036,16.913776
1772995,16.913073
15166952,16.878819
18339213,16.877274
18600085,16.868587
17762530,16.854364
15230956,16.854088
19439685,16.848822
18670387,16.832737
17398108,16.829891
10825314,16.823095
22868797,16.812157
18289301,16.772333
18292409,16.76842
19789037,16.760096
20385794,16.74386
22221846,16.742435
9305557,16.716656
8599189,16.655695
19839992,16.642014
21157299,16.636532
1545507,16.635042
11375811,16.614044
22008904,16.585035
19851087,16.51698
20530054,16.456535
11176088,16.450678
21822125,16.445908
22696065,16.433197
17291930,16.389719
15684255,16.386957
8747696,16.380497
11685044,16.328926
18451116,16.321262
21382181,16.320705
22011771,16.317598
16607076,16.313164
18797172,16.294024
7598238,16.282127
23205847,16.27581
8747685,16.265985
21961488,16.257532
10764688,16.245241
18600082,16.212711
16988549,16.208418
8318240,16.201136
16806409,16.158083
22867727,16.134388
18286925,16.128504
16149021,16.124413
19117801,16.115736
22724625,16.111845
19411671,16.075748
15272413,16.041605
7785150,16.019547
21873363,16.019333
21742756,16.002892
21315618,15.992304
21642611,15.988542
19359945,15.97099
17123394,15.958515
22632032,15.954959
22846944,15.946251
22983449,15.930317
21168326,15.918355
17107615,15.910963
1813694,15.906988
9099648,15.899991
22473047,15.8454685
9084536,15.789139
19825074,15.752697
11684993,15.732242
22910089,15.713038
11049889,15.7048645
20154572,15.697411
21370413,15.685396
22348384,15.670954
2609747,15.66602
22225856,15.650056
18696068,15.648935
16689763,15.632677
11049922,15.629632
19101285,15.606297
15879994,15.58087
17645719,15.580594
22338860,15.569054
21560095,15.543006
22482831,15.541096
9565148,15.504032
20065662,15.491322
3819793,15.485321
877633,15.483614
21048096,15.46866
23236112,15.464899
18685432,15.449522
23233628,15.431414
23249928,15.429659
19220674,15.405381
20028419,15.354151
10789572,15.3529215
9404167,15.349559
21755833,15.337751
11574351,15.265139
11259890,15.251385
9068337,15.226529
22396581,15.219775
7725330,15.201941
20689697,15.1865425
18393146,15.162754
9212129,15.147223
18633015,15.108166
15584621,15.089106
21474664,15.057066
22356838,15.03086
21833443,15.007874
21403095,14.979683
22304465,14.941957
11967602,14.924602
20406238,14.914006
21429567,14.904508
20491957,14.8610115
14633255,14.816397
11426361,14.814487
6781890,14.7958145
7618714,14.79388
21893014,14.789031
18524134,14.7886305
8747687,14.772856
20691842,14.748868
2521029,14.736211
22092306,14.718497
20007735,14.696144
7780073,14.695082
21883380,14.693295
14661565,14.682728
8958389,14.664244
20140242,14.631093
18499589,14.613748
8825223,14.606838
22834286,14.60456
20970586,14.5680485
11552215,14.562611
10648317,14.5584135
20729723,14.55149
15920177,14.470097
19012950,14.461252
16676074,14.3948765
15334755,14.335193
8881617,14.328213
16953295,14.324844
18469548,14.321369
20973236,14.319362
22995455,14.317036
16787830,14.310843
20958275,14.30085
19170989,14.297592
9412878,14.271055
17331267,14.228932
12126199,14.207064
18249329,14.185236
18292408,14.178211
19192750,14.16657
9691864,14.159586
22540524,14.155006
7857071,14.146627
17562614,14.100864
21718668,14.096987
8204806,14.087799
22730210,14.078963
11431897,14.065783
22174347,14.059086
20158685,14.049345
21641791,14.036016
17978172,13.984687
23232448,13.92247
19406552,13.917316
18600098,13.9136915
22726088,13.9105625
17924901,13.885342
20546031,13.853641
64604,13.853622
22097979,13.849799
7528584,13.841288
16961583,13.832741
11429335,13.820773
17006064,13.806551
21913899,13.799976
16390565,13.798244
10450445,13.797471
15183046,13.779258
2742171,13.767466
21177722,13.751576
14645169,13.722607
16810462,13.705335
22782135,13.669033
20929576,13.663187
18834828,13.646317
10800406,13.643626
9869162,13.636735
22527290,13.633959
12407604,13.6135435
14577027,13.576865
15888356,13.571069
17898365,13.570048
10589626,13.56477
21989733,13.549598
18534067,13.54948
22523283,13.540865
505259,13.521243
10928437,13.479535
16256872,13.468617
10321849,13.462666
16256341,13.425505
21150227,13.338552
22275078,13.331474
14762869,13.325361
21217484,13.285745
21543108,13.283972
22528182,13.2817
1165884,13.245428
22433215,13.242714
19104179,13.238296
17680178,13.201736
16581348,13.193047
8638787,13.169384
23178924,13.111832
22425448,13.102193
17498072,13.087221
20099710,13.071396
19691590,13.070073
17200777,13.066875
10094951,13.0642
9748754,13.062424
22771782,13.057039
18499605,13.009127
18773874,13.008505
21421259,13.007694
21667202,13.007542
22805300,12.993315
2007109,12.985579
12217599,12.968785
21362113,12.950525
11734662,12.934118
22660203,12.927204
1595003,12.907278
22508200,12.868971
16816975,12.866337
21449231,12.860675
11233222,12.829032
22221936,12.818025
23140969,12.775036
9058215,12.76069
9952141,12.749571
22102528,12.746215
85502,12.728466
14968394,12.723765
19095827,12.719219
21611876,12.716578
17473575,12.70281
8956388,12.68858
18600084,12.675379
15562073,12.672067
11680728,12.664031
19938712,12.639193
23182609,12.589192
1779181,12.539267
15583737,12.530796
20576008,12.506221
21641201,12.503672
15784355,12.477645
1301848,12.448641
18376283,12.4459305
9919464,12.441769
19701086,12.409934
22233480,12.4083
18338137,12.379971
578480,12.377185
20388624,12.340187
9212127,12.319756
4044231,12.287804
21168653,12.278585
20618163,12.218619
18766254,12.188316
16584210,12.16868
16479191,12.157632
16024582,12.135601
9382230,12.132159
7339763,12.071473
19459866,12.0708475
23061471,12.069172
11669429,12.049534
16886976,12.044916
19194150,12.03334
18494689,12.026655
21475775,12.004167
15271723,11.973066
8204807,11.961728
7598280,11.93051
19656278,11.922522
9160366,11.913519
3946010,11.907122
20389262,11.897064
18292410,11.892572
23184484,11.887897
16973499,11.881445
8323235,11.871674
12434608,11.870752
20527429,11.853134
16973498,11.847849
3619091,11.843922
21453422,11.808756
20978992,11.8036785
594029,11.791844
11574349,11.781504
579268,11.776384
16647483,11.770171
18384352,11.740537
9623430,11.727631
1477749,11.704393
18334781,11.663271
20456723,11.626194
23410777,11.623693
20005132,11.6223545
12529747,11.617396
20661198,11.617105
9973811,11.60755
14564249,11.599689
20455183,11.568174
10353455,11.562524
16556896,11.548298
18929289,11.486651
20040855,11.482703
21389323,11.465649
21518592,11.458582
17089513,11.447391
22840932,11.447391
21126640,11.427546
15715625,11.417746
20009132,11.386747
16529435,11.362425
5085148,11.350679
18930953,11.35058
20023190,11.341146
17513645,11.339694
21817820,11.32608
4630884,11.323851
17287624,11.314852
8896022,11.273028
19967151,11.264974
22266209,11.263989
18289228,11.224054
21320286,11.216192
18510527,11.168869
20594086,11.161986
9356085,11.137245
15913424,11.115419
21241416,11.100138
16166907,11.098708
9651146,11.090684
19815816,11.090684
6252623,11.074986
14722166,11.067076
21068699,11.057833
18388502,11.053818
8904189,11.052602
19404534,11.045763
2597614,11.026333
17704742,11.023741
7529819,11.021376
18657078,11.016106
20586076,11.003762
22068755,11.0006695
22093028,10.9931
23104836,10.989188
6655007,10.978884
19420005,10.962374
10171655,10.958934
19548973,10.915574
20659913,10.894291
17990776,10.890997
10168534,10.890383
11011805,10.831308
17516038,10.830313
17010048,10.829227
20453765,10.829024
1540061,10.818561
10475284,10.800909
18931200,10.765594
10155358,10.761804
18059338,10.722639
6405702,10.709475
22914710,10.691435
18435639,10.689085
15605300,10.683783
21672283,10.670464
16209984,10.666262
2363083,10.665113
21848174,10.66464
16368864,10.649778
18328667,10.647339
17127479,10.626445
22452804,10.612071
7378313,10.61063
17277998,10.596394
9249097,10.58939
16130064,10.587556
19444979,10.57501
22024795,10.572626
20927618,10.568128
1308266,10.566455
18948035,10.558883
22463102,10.5582075
21227981,10.538926
16525587,10.535299
5419827,10.5233135
10465049,10.511941
20943250,10.503991
17562955,10.498748
22473821,10.4866085
23151086,10.48475
10468251,10.477817
10618952,10.477267
18612778,10.469551
18375137,10.437593
16632802,10.429928
21610535,10.408531
19486172,10.389996
22634432,10.3798065
3461716,10.361788
21152676,10.343096
9544137,10.336536
10784307,10.331866
15920213,10.321177
717923,10.314435
8165628,10.311625
18486204,10.307596
9127666,10.296642
7892969,10.283947
15735843,10.267093
12059821,10.242884
19491662,10.229391
21193107,10.227358
5310216,10.225816
22918041,10.211998
21681082,10.200457
16301227,10.193899
19235051,10.189808
15321411,10.182328
10460568,10.180279
20050927,10.169992
19788509,10.154964
2094568,10.151005
21795297,10.144282
20950825,10.139722
21574963,10.136523
20305541,10.127488
19804533,10.114753
21440202,10.10792
15481628,10.093853
2151779,10.085031
9553238,10.079325
23290978,10.073589
22739764,10.064168
22851059,10.057002
23222929,10.0482235
20693919,10.036171
20153216,10.015974
19243319,9.9359865
2621742,9.9058
18160593,9.868069
22079443,9.8636675
10364989,9.844304
919922,9.826621
18922420,9.825835
16025089,9.824125
21986393,9.810133
17762538,9.805546
20201376,9.790619
20510247,9.744729
5167952,9.743749
15795533,9.697839
15060415,9.681404
11413430,9.654313
9854659,9.643291
22234684,9.641658
20519417,9.640919
17287631,9.628965
20551273,9.628965
10551401,9.610697
12851533,9.586939
23138460,9.569502
9460300,9.535666
19286767,9.5343685
7535282,9.526203
16945586,9.525921
22993925,9.52196
7640422,9.50827
5125123,9.500462
15203716,9.499638
14686601,9.49703
12361636,9.4939
21092037,9.489666
21737102,9.486652
9807604,9.471849
14985175,9.440522
15782557,9.423093
8679357,9.422797
19074154,9.42224
17150243,9.418751
23075633,9.389162
23249930,9.384923
22273511,9.371525
2715990,9.343793
11579893,9.343624
11226079,9.322115
20885299,9.279722
17122237,9.269223
20050846,9.246989
10182118,9.233093
20686004,9.225701
11391364,9.209502
7669463,9.2077675
17633882,9.166283
21155966,9.162085
16551888,9.154156
23354227,9.140713
20614571,9.1324415
22843202,9.129017
15976759,9.10847
10781268,9.071927
3989338,9.059019
20663116,9.054527
12717223,9.054527
16398518,9.050945
18840579,9.04102
19350122,9.021188
17852794,9.020339
20224050,9.008107
20641167,8.99788
17850565,8.99218
22099212,8.974805
12958612,8.958942
17993954,8.950592
20051844,8.9442215
10392682,8.938685
17968522,8.935487
16935126,8.934304
19166709,8.92762
11473843,8.9133
19408191,8.903586
3807263,8.903586
17299655,8.902103
15502019,8.89551
8924744,8.885796
18523449,8.885796
17457867,8.855867
16572074,8.821309
9042823,8.818894
4699488,8.805587
17003921,8.801303
6755331,8.753646
192405,8.738535
21732671,8.738535
1613964,8.733958
20410815,8.70343
21421614,8.696501
14979421,8.696374
18400144,8.682463
11606349,8.680311
18957002,8.678592
10844845,8.664598
15792676,8.6616535
6192058,8.646468
7572010,8.64491
11812703,8.628505
15799917,8.626215
15141797,8.612638
10194608,8.612222
7598278,8.596432
1703825,8.59426
5534090,8.58776
7660162,8.570398
9100583,8.550852
20858853,8.548767
18420845,8.544522
397710,8.5411215
22900053,8.534002
18950467,8.533273
997672,8.525038
22654514,8.452044
10674526,8.448115
2177970,8.442189
19376522,8.439586
20028511,8.438862
15804156,8.4276905
19567543,8.42109
20581663,8.40955
15244445,8.390184
21150581,8.380686
10445771,8.3728895
19822378,8.370206
16102110,8.363948
18067490,8.363948
17483274,8.314799
17117062,8.313083
23287086,8.305038
18665922,8.29938
9278828,8.297085
18393980,8.296596
3126342,8.289262
16286165,8.2859535
22858878,8.28068
19620551,8.278426
19804574,8.266706
15000000,8.264871
20807229,8.248167
2285713,8.248127
10396719,8.243097
1610009,8.225772
20731638,8.210002
14744480,8.204898
2559131,8.204898
8495670,8.195868
12415456,8.191253
17299811,8.191147
1904629,8.189617
7741499,8.1784525
20961395,8.1642685
23300803,8.15028
3828152,8.149284
4666740,8.137147
17581317,8.132753
21330915,8.130092
21231856,8.118485
20605586,8.108906
2817543,8.076187
3114572,8.0377035
18360062,8.031742
19767408,8.023916
646355,8.018738
17886449,8.018738
11283475,7.9915733
20951260,7.986441
23287906,7.9816966
10148570,7.9768806
20723169,7.9768806
12218558,7.973527
8747686,7.973527
8747683,7.973527
8060637,7.973527
10365689,7.9592648
18821761,7.9536734
9676926,7.9473047
19109232,7.9440675
15502045,7.9284105
19957915,7.9284105
6660398,7.92299
3172700,7.9057436
22523055,7.9034524
17038662,7.8974414
19450990,7.8829274
12154422,7.854085
19016728,7.8352327
17000790,7.831308
7147159,7.8312488
19253712,7.8264422
21962085,7.823836
17242101,7.823836
9873262,7.8105087
9085950,7.8058867
2175076,7.8016157
7597604,7.7719727
21109919,7.736118
8976770,7.6789227
22429367,7.6560917
11341213,7.654253
19413726,7.6423154
18983514,7.63976
8499562,7.632297
15233820,7.632297
23192064,7.6237254
4831850,7.6233625
15921879,7.6233625
11226077,7.6233625
8895307,7.6233625
9854677,7.6157513
2287155,7.6155767
19604542,7.6129417
18777584,7.610189
12576335,7.610189
11814086,7.6043506
7039989,7.6023965
18633014,7.576033
11505075,7.5726156
15142727,7.572163
15588086,7.572163
20707315,7.5645614
19318931,7.55966
5077085,7.559213
15703777,7.5578814
16614469,7.555199
22431377,7.5470486
21933302,7.5457177
9140170,7.5301867
11447514,7.5200887
3994847,7.51897
2908802,7.51897
19146374,7.5090895
12757498,7.5090895
21123867,7.5090895
12729278,7.5090895
19938713,7.5073295
10781265,7.4991517
15567466,7.479143
19453986,7.474242
17179243,7.4548707
17763150,7.426178
12166815,7.424086
16953288,7.4144444
18501915,7.4136596
19326038,7.4136596
20357143,7.4054003
9075662,7.3997703
19549209,7.3916497
20813396,7.3898296
11369429,7.382674
21176363,7.3759675
14717978,7.3721466
17054812,7.3635683
2749798,7.358668
14524031,7.336079
8680768,7.334709
1567284,7.3226423
11573588,7.319372
1963973,7.3150806
8364489,7.313059
20618862,7.313059
17258118,7.297678
17898364,7.264017
16134089,7.2588797
19261288,7.252866
8529371,7.249898
19995396,7.2425823
18990441,7.2273993
16374273,7.219736
11473892,7.2149673
21490079,7.2149673
23256818,7.203796
276560,7.1969204
19631364,7.1910353
12716588,7.182658
10414779,7.1824017
9004463,7.1803904
19295225,7.168356
22146167,7.155938
15636037,7.1404734
21970128,7.1141186
7978409,7.112592
7717548,7.111831
16647482,7.1101675
18346016,7.103194
21822127,7.099885
17599487,7.0455885
5168175,7.03489
12395966,7.0234165
15506032,7.0175433
20083998,7.0108666
6464614,7.0040693
17432889,6.9989166
22524128,6.9870195
10520855,6.978351
17391496,6.966849
12428635,6.963499
12015682,6.9531612
17709365,6.9523487
6778488,6.937295
8747681,6.9281244
8624026,6.9281244
22490487,6.912917
11911518,6.894684
8783998,6.8806405
15918449,6.874674
17483700,6.871197
12219830,6.8680034
10027032,6.8680034
18241127,6.8680034
19492711,6.8680034
19962724,6.8550653
17957565,6.823727
20798588,6.81741
15562037,6.81741
22890586,6.817366
1265611,6.8086643
21536113,6.8084908
17097924,6.8084908
15562038,6.8084908
9288373,6.8084908
19152788,6.8069754
20109654,6.80495
9327128,6.7993283
1275477,6.7965865
1679906,6.7868543
16146184,6.781607
21614414,6.771481
10069286,6.7659507
21130474,6.7479024
17059771,6.729985
5453598,6.7285204
19762299,6.7285204
16909941,6.71118
18420846,6.681815
22471194,6.6800756
14750239,6.680044
5168176,6.6648507
3726631,6.6648507
15601279,6.662809
3750270,6.6623487
20100756,6.650193
1485466,6.644983
10793606,6.644983
11467444,6.640281
8364426,6.6399503
6667245,6.638212
2646481,6.6163177
17089510,6.6131516
22020385,6.611705
16464978,6.606238
11323357,6.5963593
1116466,6.579103
7283060,6.579103
12871465,6.5629888
7886594,6.5617323
12393770,6.557378
11897001,6.5356784
17604485,6.517264
22950390,6.5155506
7135352,6.5082836
19174824,6.4956574
20361791,6.4880986
9336445,6.4880986
22177437,6.484813
20590862,6.4750304
5161839,6.4750304
9806670,6.4508963
15461627,6.4440823
19150309,6.418207
18482390,6.389979
11292193,6.3897753
23271081,6.375237
7905723,6.372977
14762872,6.372977
12396088,6.372977
8470257,6.36364
2776172,6.358862
10327795,6.35748
17944649,6.3482575
17653302,6.3452616
9390579,6.3327312
4249037,6.32391
4810903,6.3180676
20649930,6.311953
10781457,6.311953
10928014,6.311953
16154347,6.311953
6122751,6.3087745
22293628,6.3056917
804632,6.292602
18956284,6.284364
7774832,6.2796936
7831946,6.2583795
10458035,6.249512
4829841,6.249512
16953289,6.245102
9659071,6.244951
7415185,6.244951
10439733,6.244951
16154736,6.244951
21823408,6.244951
12393117,6.2426863
19690725,6.227874
17852789,6.227874
565730,6.2278123
10758466,6.2204986
19811222,6.212494
21093284,6.196478
11285943,6.196478
6645327,6.196478
8747688,6.196478
9495439,6.196478
8747684,6.196478
12964741,6.1946073
21509986,6.18791
11680729,6.181288
1695271,6.174877
20402168,6.1681705
14980916,6.163628
19889111,6.156497
10185696,6.156497
10735778,6.155211
11103204,6.1513104
2514639,6.147699
11292191,6.139168
21310047,6.1145735
3938858,6.1121216
15111857,6.1036186
6500033,6.0730186
20657517,6.053364
10048893,5.9975915
10613656,5.9975915
12861136,5.9975915
22584549,5.978875
9493891,5.978875
4623838,5.978248
19364021,5.9714513
1151154,5.9691887
9650544,5.96163
23301961,5.96163
7793222,5.9408207
7832189,5.9296927
19232896,5.919066
10540068,5.916676
14525829,5.916676
4437958,5.889374
19699685,5.8797736
4090829,5.8797736
869704,5.8776126
22971905,5.8616967
9128188,5.8597283
8463805,5.8597283
10148073,5.8575015
18266780,5.8529525
19520424,5.8529525
11980635,5.8529525
1477269,5.8529525
20092278,5.8529525
17137616,5.851854
12066721,5.8492794
22733150,5.8429356
10639080,5.8429356
18314895,5.8429356
8231315,5.8429356
9688200,5.8295975
20667439,5.8278584
6454998,5.8204503
17119964,5.8172193
8847781,5.8032174
7164678,5.7770596
14721820,5.7522674
3214771,5.7477794
11490184,5.737417
327128,5.7164245
10844384,5.712488
1111655,5.712488
20413127,5.712217
16270349,5.712217
17508711,5.712217
19572069,5.712217
11028733,5.712217
18633013,5.7098074
21995153,5.699708
1606290,5.687603
18707921,5.682339
8889419,5.6792984
16219042,5.677052
15567653,5.6704473
10320157,5.636273
22395372,5.6127377
8747689,5.612651
22185951,5.6036954
20528259,5.6036954
22161443,5.596464
6254544,5.5894594
3890249,5.587657
16439128,5.5828023
18069872,5.5783834
308920,5.575768
1080460,5.5719023
18247491,5.567617
15296091,5.567617
22816291,5.567617
7407667,5.5666323
1852761,5.5598717
23313481,5.548706
18445011,5.547784
17959943,5.534214
12698142,5.509225
22910635,5.5004888
22763273,5.5004888
3606276,5.4976134
16777761,5.488042
12487778,5.4836645
21801953,5.4700594
7689752,5.4605427
2768161,5.4600177
9702004,5.4421926
18277134,5.4239798
22688554,5.401921
19171115,5.38713
11194058,5.3588395
17561860,5.3588395
19173686,5.3515224
2851965,5.3500443
10850560,5.3500443
4825114,5.348286
1545559,5.328638
18158312,5.3231897
19121184,5.315229
12542291,5.315229
4060692,5.312519
432930,5.289439
17171959,5.2292395
16498155,5.2266903
3927636,5.2266903
19507243,5.2240577
17845651,5.2240577
1952169,5.2207346
17885339,5.2092447
23232787,5.2084556
1202173,5.2057924
19918181,5.182114
8624019,5.1751723
7135339,5.1751723
17165316,5.1751723
19816205,5.1737695
20196517,5.166046
1065973,5.1521053
8739928,5.144318
8747690,5.139213
21128767,5.139213
7135350,5.138828
21138266,5.138828
17900965,5.138828
6887843,5.123158
1723874,5.123158
16630648,5.111353
22523052,5.0988493
9193279,5.0988493
3239672,5.0988493
21907567,5.0988493
8747695,5.0988493
6706205,5.0988493
5140488,5.0988493
16488131,5.0988493
22626992,5.0988493
21839631,5.0988493
7215935,5.0988493
5168174,5.0988493
21152677,5.0952635
2440758,5.0895257
17179827,5.082095
20523162,5.081429
21961337,5.081429
7125286,5.081429
21970887,5.0774612
21955829,5.061708
578482,5.060586
16220719,5.0585313
11302471,5.056442
16250863,5.050439
12651640,5.0378537
15650472,5.0328035
8785143,5.0036016
21594225,5.0036016
21308350,5.003542
22471611,5.003542
21613681,4.963829
8615495,4.963829
18047095,4.963829
21433147,4.963829
20976666,4.961681
7025290,4.958372
18047094,4.958372
18608742,4.958372
19361030,4.949206
23130550,4.949206
10544364,4.949206
21223296,4.9426866
16812,4.9215803
61669,4.903372
20017430,4.903372
756796,4.903372
20452885,4.90325
1179944,4.885932
20465281,4.848316
17688941,4.840379
7880715,4.840379
17469409,4.840379
12451789,4.840379
16607085,4.831159
17890952,4.831159
5531515,4.827831
22715457,4.8276353
16037156,4.8204117
2226884,4.8204117
8889418,4.7978067
15281495,4.7794185
14570639,4.7794185
21872302,4.777675
1198546,4.774568
21848180,4.7678447
8703460,4.7678447
9563429,4.7565703
16757291,4.7565703
9620500,4.739587
19308889,4.7390327
4461416,4.734603
16637031,4.734603
2822317,4.69149
1091430,4.682588
12884845,4.6670485
15747263,4.66277
21537071,4.6581254
12022205,4.6581254
3805895,4.6581254
18653912,4.6524715
14969622,4.6446285
21492909,4.6410213
19691584,4.6394763
11679989,4.6394763
15179795,4.624958
8669648,4.6120386
1206970,4.6110897
21121898,4.602022
1695166,4.6009293
10701043,4.5909357
1080970,4.5909357
18020066,4.5681705
94122,4.555856
16730571,4.5406227
660699,4.5403614
19378528,4.5338736
19755462,4.52656
8747692,4.5171747
19718472,4.5130386
19482315,4.5130386
8501929,4.493245
4129392,4.488051
17945536,4.478702
19192757,4.478189
638058,4.478189
21663556,4.4665756
22951415,4.464661
21675080,4.451241
7337684,4.450589
12399218,4.4285283
7742784,4.424049
22552295,4.424049
22641771,4.424049
3715155,4.424049
23123135,4.422933
1275219,4.415118
17379979,4.41352
12828667,4.39351
18249330,4.3802824
19923501,4.3630877
15183043,4.3395557
20214450,4.3393927
19347258,4.3393927
17427058,4.3393927
20435346,4.3393927
2185479,4.3393927
18165611,4.3328485
17663740,4.3328485
15166942,4.328672
15116259,4.320588
3056085,4.30569
17061631,4.304773
3590103,4.2968283
8433529,4.2968283
21245747,4.282926
5016792,4.280061
19489008,4.26776
10549713,4.26776
16788320,4.26776
3250634,4.26776
20514421,4.26776
1191556,4.254287
12831971,4.248483
2891592,4.248483
7257238,4.248483
3500032,4.228795
17934348,4.2226806
15516349,4.2226806
22435277,4.2226806
20096680,4.2226806
17883701,4.2226806
21414427,4.2226806
17001651,4.2226806
22448846,4.211672
22788854,4.1952715
19085759,4.1952715
9614577,4.1580057
12818190,4.1580057
21255454,4.1580057
18405087,4.1580057
7504387,4.1503906
842811,4.1503906
2499962,4.1503906
20634491,4.1386957
18440798,4.1224246
17459320,4.1224246
9809097,4.1224246
7994381,4.1224246
21111429,4.118794
9584913,4.118794
15916786,4.118794
9584902,4.118794
16953313,4.118794
9801973,4.118772
11755957,4.1090145
20131826,4.1090145
14971899,4.1090145
18555151,4.1090145
20530059,4.1090145
1722053,4.1090145
6578747,4.1090145
4118674,4.1054554
2483715,4.093517
3296855,4.089079
413223,4.069646
16095459,4.063269
11220255,4.0537643
1289367,4.045323
1971763,4.0406284
7676776,4.034383
8362252,4.024705
1115115,4.024705
12487293,4.024705
18718092,4.024705
10204988,4.024705
12094933,4.024705
20596697,4.024705
15175117,4.024705
19225670,4.024705
17897274,3.9944227
2787951,3.9926002
20377327,3.927599
20135059,3.926442
7706202,3.895621
18844273,3.8755164
18392323,3.8755164
14602292,3.8742466
17898368,3.869561
23316863,3.8221571
21180269,3.8221571
20401285,3.8219466
5564395,3.7919953
20666954,3.7919953
5049614,3.7820618
3348019,3.781751
21610449,3.7772253
4035364,3.761357
12590956,3.7301068
23184724,3.7301068
18613942,3.7227368
17097417,3.721387
20860791,3.7055645
18968,3.6984513
12243441,3.694148
21947241,3.6921058
17958534,3.6921058
22767493,3.6921058
19824410,3.6779342
7949107,3.6779342
15704256,3.677223
1720262,3.6729214
20664906,3.6672456
9483409,3.6668572
14717973,3.661954
17427056,3.6593075
7146584,3.6347957
7653831,3.62503
20735145,3.603081
1808765,3.6029396
18977029,3.6003938
11575418,3.573214
15111142,3.560599
3394905,3.560599
15999036,3.560599
12709915,3.5456746
16368345,3.543711
2836259,3.5382648
16476097,3.5382648
11487382,3.5304606
21446994,3.5281184
20021469,3.5202687
1771408,3.5202687
17599496,3.5039787
10517085,3.475625
15216770,3.4662418
18034766,3.429196
18510529,3.3866258
20406708,3.3404572
6305083,3.334915
17097499,3.322706
19092656,3.2919
22044540,3.2707963
15353134,3.2306647
20148980,3.2197688
4079228,3.202041
18358383,3.1979444
4030709,3.1918445
2765034,3.1762226
18500941,3.1762226
12701115,3.1762226
7826793,3.1554613
11961245,3.153287
22735856,3.1486874
21048101,3.1436508
17179824,3.1436508
17242103,3.1397502
10225766,3.1397502
11918831,3.1397502
2598360,3.1397502
12643318,3.124923
59435,3.1193633
22577913,3.1118717
1208124,3.1108031
22111735,3.108053
135167,3.1039357
18508379,3.0950892
20964858,3.0932724
16427376,3.090536
12873917,3.0868623
11020881,3.0726824
581544,3.06748
11099891,3.063608
16122555,3.063608
10174276,3.0575573
3116098,3.0575573
6291889,3.0575573
1198682,3.0575573
2501890,3.0575573
3044206,3.0575573
4072529,3.049783
19534766,3.0458956
9556230,3.0452988
12138371,3.0452988
20922848,3.0439262
1788810,3.0123973
15008334,3.0063658
9173831,2.9967747
11544618,2.9646866
1758860,2.9478517
2401414,2.9330873
16790652,2.930375
10885039,2.9177775
12181832,2.9071016
2431976,2.896955
22546684,2.872047
12378657,2.8683171
1384840,2.863349
4132567,2.8586206
16430537,2.8581982
2815074,2.8581982
19175547,2.8581982
1210939,2.8433275
21814115,2.8293307
15497380,2.8247166
5517107,2.815381
4800430,2.8145537
4771689,2.8145537
16631662,2.777134
9322464,2.777134
951726,2.7692702
11467435,2.7570803
3218723,2.7429326
9863403,2.7271776
14872422,2.7095249
138961,2.7092545
7576709,2.678016
17982317,2.6743386
1450184,2.6617062
17958535,2.6616516
2697951,2.6331778
16395725,2.599049
8988995,2.5903823
6601741,2.589684
9490343,2.549435
5481303,2.549435
4772876,2.549435
4128714,2.549435
5046687,2.549435
4658395,2.5371075
1682674,2.5371075
23041738,2.524754
723146,2.5168407
4428416,2.5035994
4537883,2.5035994
4269162,2.5035994
3702304,2.5035994
553580,2.5000224
4432481,2.5000224
467878,2.5000224
22342507,2.4993355
5474823,2.4993355
21038666,2.484456
1142637,2.4787865
3433205,2.4729872
19817997,2.4664428
11778073,2.4337993
2138182,2.3736777
9201158,2.3267024
19762725,2.3267024
16413239,2.2972023
9263112,2.2708592
22490713,2.2465796
308020,2.2461543
22153690,2.1952934
11124689,2.1343727
4217477,2.113238
6762457,2.113238
5018430,2.113238
5524840,2.113238
4664989,2.113238
4773766,2.113238
5140392,2.113238
4251295,2.113238
17122253,2.113238
5091780,2.113238
1031058,2.113238
5511555,2.113238
4424222,2.113238
5446851,2.113238
4756043,2.1019077
4217894,2.1019077
2448527,2.1019077
6865293,2.1019077
4428712,2.1019077
10704661,2.1019077
4652138,2.1019077
2888172,2.1019077
4466088,2.1019077
4708550,2.1019077
4803222,2.0747256
8747694,2.0747256
107077,2.0747256
6612944,2.0747256
4831872,2.0747256
6636675,2.0747256
18701053,2.0747256
4140971,2.0747256
5426213,2.0747256
5140487,2.0747256
4771267,2.0747256
5487375,2.0747256
1114441,2.0747256
972844,2.0734599
5160867,2.0734599
6204110,2.0734599
5140761,2.0734599
7384963,2.0734599
4139365,2.0734599
8111053,2.0734599
2416995,2.0734599
19596760,2.0734599
5491671,2.0734599
5055503,2.0712934
7157687,2.0712934
4760218,2.0712934
4428710,2.0712934
5048692,2.0712934
1008223,2.0712934
11515616,2.0415602
5061187,1.8448343
4838736,1.8448343
6614559,1.8448343
5561196,1.8343463
5496036,1.8343463
5147886,1.8343463
4601840,1.8109344
4831844,1.8109344
4842771,1.8109344
968111,1.810743
5504112,1.810743
4603406,1.810743
6989011,1.8079928
5149227,1.8079928
17393033,1.8079928
502262,1.8079928
5504111,1.8079928
4768482,1.8079928
4749857,1.542903
5517653,1.542903
847518,1.542903
982295,1.53357
882699,1.53357
6867586,1.5149884
5501508,1.5142888
7181148,1.5142888
3917130,1.5118803
6944514,1.2135186
11791769,1.2056973
19361027,1.1556728
9207422,1.1556728
20222835,1.1395949
8523015,1.1395949
8472137,1.1381876
6474360,1.118135
2237008,1.1140425
2436343,1.1064813
23227505,1.1025498
8180336,1.0960367
15976201,1.0960287
3247983,1.0927697
8584147,1.0820013
3104693,1.080214
6402000,1.077889
16183679,1.0757604
9070175,1.0716661
18005235,1.0675852
21472635,1.0675852
2209247,1.0663975
20169510,1.0609515
454499,1.0609515
8350435,1.0520521
1984383,1.0520521
9078593,1.0520521
8904330,1.0517484
7373993,1.0508434
23302970,1.0508001
12164793,1.047806
11573637,1.0446377
519354,1.0446377
7085748,1.0373431
3776414,1.0373431
20719351,1.0358046
7064601,1.0354491
22644881,1.0354491
1703829,1.0334305
10515036,1.0334305
3495194,1.0254632
7276077,1.0242535
16387122,1.0172529
8149040,1.0017829
2470189,1.0017829
138962,0.98185104
15281530,0.9803455
11746529,0.9778718
12718774,0.97423923
958100,0.9726245
3041874,0.97223055
8123614,0.97077465
22339139,0.97077465
2615877,0.97077465
494931,0.97046643
12162230,0.9701673
3996457,0.9579988
11930561,0.9579988
14984856,0.9579988
19903188,0.9579988
12735570,0.9579988
1725629,0.9545626
1217407,0.95032066
7412103,0.9411436
8590850,0.9382662
1523742,0.9376718
6981035,0.9376718
8044317,0.9376718
6246607,0.9376718
17393017,0.9259951
2385125,0.9259951
19418569,0.9259951
3778206,0.9259951
2261255,0.92548126
12522924,0.92548126
1695616,0.92548126
22327040,0.90047747
24383,0.90047747
7633845,0.90047747
10866882,0.90047747
8167299,0.90047747
1285042,0.90047747
16958595,0.8974939
1785706,0.8963914
17013513,0.8915314
21252577,0.8915314
631414,0.88023484
1224599,0.8799161
1284693,0.8799161
3913559,0.8799161
509788,0.8799161
16171667,0.87959445
1490198,0.87959445
11515614,0.87959445
2665575,0.87959445
20229685,0.87655836
8301833,0.87655836
1370735,0.87655836
198084,0.87655836
10711770,0.87655836
1171400,0.8712253
3354830,0.8700257
2097752,0.8596275
20530518,0.8596275
2383328,0.8596275
10621555,0.8596275
22096425,0.8596275
2711748,0.85662115
7818056,0.85662115
92537,0.85662115
1024254,0.85662115
1773329,0.85662115
14872433,0.85077184
20618331,0.85077184
9482397,0.85077184
18469547,0.85077184
21141445,0.85077184
3006606,0.85077184
23263339,0.84140384
2351341,0.8312738
2504556,0.8312738
2115010,0.8312738
9191824,0.8259993
3586487,0.81941473
9702614,0.8120373
15919298,0.8120373
6803690,0.7972004
1725630,0.7972004
56146,0.7972004
8909664,0.7893796
17646507,0.7886233
1000261,0.77894104
7818319,0.77894104
1122803,0.77894104
300933,0.77894104
1146795,0.7761762
811926,0.77431214
10171977,0.77431214
21641410,0.77431214
3631642,0.77431214
19815949,0.76640934
14507267,0.76640934
21346555,0.76640934
9527279,0.75587076
1678210,0.75587076
1725646,0.75587076
9640150,0.7534231
8638778,0.7534231
9784670,0.7534231
17413758,0.7534231
1266511,0.7530565
7065387,0.7530565
1285505,0.7375042
194314,0.7375042
1223354,0.7375042
1383589,0.7318656
10711779,0.7318656
12174620,0.7318656
8547869,0.7318656
12632617,0.7318656
907841,0.7301137
1206944,0.7301137
3596794,0.7301137
7357249,0.7301137
8617530,0.7301137
1319640,0.7301137
11314811,0.7301137
9249100,0.7293247
7137542,0.7202542
6970434,0.7202542
580996,0.7202542
7071169,0.7202542
806790,0.7202542
6525160,0.7178169
11754883,0.7178169
7474753,0.702608
3919530,0.6968836
16907879,0.6968836
18449815,0.6968836
755480,0.6968836
3603398,0.6968836
6779435,0.6968836
10228839,0.6968836
1304841,0.6968836
19246310,0.6952799
20610554,0.6952799
2901880,0.6952799
9133170,0.68341327
2360006,0.68341327
7689759,0.656032
7022292,0.656032
960475,0.656032
10608724,0.656032
9771171,0.656032
9602586,0.656032
17890960,0.656032
7330829,0.64926934
16117453,0.64926934
524435,0.64926934
19825916,0.64926934
11006,0.64926934
3739330,0.64926934
1011478,0.64926934
500298,0.64926934
7314224,0.6402535
477560,0.6402535
1725638,0.6402535
10174299,0.6402535
804794,0.6402535
3516980,0.6402535
20670312,0.6402535
6192049,0.6402535
7374326,0.6382315
857203,0.6382315
2600721,0.6382315
9560544,0.6382315
3896028,0.62016326
155020,0.62016326
3727715,0.62016326
2659117,0.62016326
2371016,0.62016326
6125343,0.5451643
6984982,0.5451643
11004032,0.53933156
4055112,0.53933156
3717700,0.53933156
7690649,0.53933156
9215020,0.53933156
23032067,0.53933156
23194210,0.53933156
22876309,0.53933156
18784499,0.53156227
20546206,0.53156227
2554502,0.53156227
9636788,0.53156227
9621258,0.53156227
15877645,0.53156227
19806801,0.53156227
138455,0.53156227
16756607,0.5300467
22835059,0.5300467
15122174,0.5300467
10325846,0.5300467
18645351,0.5300467
10421115,0.5300467
10148614,0.5300467
7072194,0.5156567
11382826,0.5156567
10215215,0.5156567
14742357,0.47666505
14620309,0.47666505
19173690,0.47666505
17976458,0.47666505
8044318,0.47666505
16350383,0.47666505
11256126,0.46450776
19878097,0.46450776
9933854,0.46327138
19845078,0.46327138
20020412,0.46327138
12680495,0.45102692
17430464,0.45102692
21312255,0.45102692
14692073,0.39935336
10168551,0.3110792
